{
  "Vポーズ" : {
    "leftHip" : 166.89564151089596,
    "leftKnee" : 179.44977863784317,
    "rightElbow" : 89.902111758484097,
    "rightHip" : 179.10541336838162,
    "rightKnee" : 169.45659959716363,
    "rightShoulder" : 64.555106935114679
  },
  "おんぶポーズ" : {
    "leftHip" : 134.9018942105082,
    "leftKnee" : 179.62020706086781,
    "leftShoulder" : 21.723885297982349
  },
  "こちらです" : {
    "leftElbow" : 168.59570480194114,
    "leftHip" : 145.21784344999338,
    "leftKnee" : 172.73585267955704,
    "leftShoulder" : 54.823489289342149,
    "rightElbow" : 157.16761798677703,
    "rightHip" : 154.05894037554961,
    "rightKnee" : 160.30943394106899,
    "rightShoulder" : 44.097889517580441
  },
  "この通り！" : {
    "leftElbow" : 51.578136452530202,
    "leftHip" : 165.30166364534438,
    "leftKnee" : 175.28235121465471,
    "leftShoulder" : 57.710872143148165,
    "rightElbow" : 118.83180821746822,
    "rightHip" : 178.60594039462791,
    "rightKnee" : 168.79085288769434,
    "rightShoulder" : 68.913837054606176
  },
  "シンクロハート" : {
    "leftElbow" : 18.408805369916809,
    "leftHip" : 152.15421087106864,
    "leftShoulder" : 48.679887932550358,
    "rightElbow" : 168.25357265280164,
    "rightHip" : 148.378346390578,
    "rightKnee" : 163.57969530023374,
    "rightShoulder" : 28.783253408976407
  },
  "ハシゴステップ" : {
    "leftHip" : 132.58325910303719,
    "leftKnee" : 167.68757454863086,
    "leftShoulder" : 7.5233604071088802,
    "rightElbow" : 16.260276852822155,
    "rightHip" : 148.3196170774244,
    "rightKnee" : 159.82526146367954,
    "rightShoulder" : 55.704271823623515
  },
  "フラミンゴ" : {
    "leftHip" : 176.10958465405096,
    "leftKnee" : 152.24866179143382,
    "rightElbow" : 108.97430827827803,
    "rightHip" : 156.89180286561947,
    "rightKnee" : 58.721694024582902,
    "rightShoulder" : 32.097610427794301
  },
  "ボスとサイドキック" : {
    "leftElbow" : 7.348969234456602,
    "leftHip" : 37.41262409443393,
    "leftKnee" : 106.46027421847892,
    "leftShoulder" : 64.834117219001897,
    "rightElbow" : 142.74304222935035,
    "rightHip" : 174.11665286589601,
    "rightKnee" : 168.59676105259496,
    "rightShoulder" : 48.443859006385466
  },
  "手を挙げろ" : {
    "leftElbow" : 45.019304931808279,
    "leftHip" : 164.27417403098997,
    "leftShoulder" : 70.880922241941391,
    "rightElbow" : 43.841735641723041,
    "rightHip" : 163.90960513664544,
    "rightShoulder" : 61.35467886019552
  },
  "本日の主役" : {
    "leftElbow" : 17.460518373310087,
    "leftHip" : 179.4911672859165,
    "leftKnee" : 162.70426672405682,
    "leftShoulder" : 126.00691635065775,
    "rightElbow" : 27.685742314418558,
    "rightHip" : 167.48930204096538,
    "rightKnee" : 179.06425139670782,
    "rightShoulder" : 109.58771276000979
  }
}