{
  "おんぶポーズ" : {
    "leftHip" : 134.9018942105082,
    "leftKnee" : 179.62020706086781,
    "leftShoulder" : 21.723885297982349
  },
  "シンクロハート" : {
    "leftElbow" : 18.408805369916809,
    "leftHip" : 152.15421087106864,
    "leftShoulder" : 48.679887932550358,
    "rightElbow" : 168.25357265280164,
    "rightHip" : 148.378346390578,
    "rightKnee" : 163.57969530023374,
    "rightShoulder" : 28.783253408976407
  },
  "ハシゴステップ" : {
    "leftHip" : 132.58325910303719,
    "leftKnee" : 167.68757454863086,
    "leftShoulder" : 7.5233604071088802,
    "rightElbow" : 16.260276852822155,
    "rightHip" : 148.3196170774244,
    "rightKnee" : 159.82526146367954,
    "rightShoulder" : 55.704271823623515
  },
  "ボスとサイドキック" : {
    "leftElbow" : 7.348969234456602,
    "leftHip" : 37.41262409443393,
    "leftKnee" : 106.46027421847892,
    "leftShoulder" : 64.834117219001897,
    "rightElbow" : 142.74304222935035,
    "rightHip" : 174.11665286589601,
    "rightKnee" : 168.59676105259496,
    "rightShoulder" : 48.443859006385466
  },
  "本日の主役" : {
    "leftElbow" : 17.460518373310087,
    "leftHip" : 179.4911672859165,
    "leftKnee" : 162.70426672405682,
    "leftShoulder" : 126.00691635065775,
    "rightElbow" : 27.685742314418558,
    "rightHip" : 167.48930204096538,
    "rightKnee" : 179.06425139670782,
    "rightShoulder" : 109.58771276000979
  }
}